Employee Id,First Name,Last Name,Email,Gender,Department,Job Title,Years Of Experience,Salary
1211,Jose,Lopez,joselopez0194@slingacademy.com,male,Product,Web Developer,2,6000
1212,Diane,Carter,dianecarter1345@slingacademy.com,female,Human Resource,HR Manager,13,11500
1213,Sherry,Foster,sherryfoster2572@slingacademy.com,female,Product,Tester,8,11000
1214,Brenda,Fisher,brendafisher3114@slingacademy.com,female,Product,Project Manager,14,17000
1215,Sharon,Hunter,sharonhunter4898@slingacademy.com,female,Product,Machine Learning Engineer,7,10500
1216,Kimberly,Jacobs,kimberlyjacobs5924@slingacademy.com,female,Product,Tester,6,9000
1217,Brianna,Marshall,briannamarshall6448@slingacademy.com,female,Product,Mobile Developer,3,7500
1218,Karen,Tate,karentate7771@slingacademy.com,female,Product,Web Developer,5,7500
1219,Jillian,Byrd,jillianbyrd8138@slingacademy.com,female,Product,Web Developer,14,13000
1220,Michael,Sharp,michaelsharp9813@slingacademy.com,male,Product,Project Manager,12,16000
1221,Chad,Mckee,chadmckee10225@slingacademy.com,male,Product,Mobile Developer,9,9500
1222,Robert,Simpson,robertsimpson11340@slingacademy.com,male,Product,Mobile Developer,1,6500
1223,George,Mckenzie,georgemckenzie12490@slingacademy.com,male,Product,Designer,15,15500
1224,Kelly,Smith,kellysmith13393@slingacademy.com,female,Human Resource,HR Manager,12,11000
1225,David,Crawford,davidcrawford14904@slingacademy.com,male,Product,Machine Learning Engineer,7,11500
1226,Carrie,Benson,carriebenson15369@slingacademy.com,female,Product,DevOps Engineer,10,13000
1227,Nicole,Smith,nicolesmith16537@slingacademy.com,female,Product,Machine Learning Engineer,8,12000
1228,Nicole,Jimenez,nicolejimenez17569@slingacademy.com,female,Product,Machine Learning Engineer,13,11500
1229,Sheila,Boyle,sheilaboyle18433@slingacademy.com,female,Product,DevOps Engineer,9,13500
1230,Brianna,Moss,briannamoss19877@slingacademy.com,female,Product,Designer,9,10500
1231,Taylor,Garner,taylorgarner20845@slingacademy.com,female,Product,DevOps Engineer,2,8000
1232,Michael,Padilla,michaelpadilla21474@slingacademy.com,male,Product,Designer,14,12000
1233,Yvette,Walker,yvettewalker22675@slingacademy.com,female,Product,Mobile Developer,3,8500
1234,Justin,Pena,justinpena23576@slingacademy.com,male,Product,Machine Learning Engineer,7,10500
1235,Vanessa,Reynolds,vanessareynolds24161@slingacademy.com,female,Product,Mobile Developer,7,10500
1236,Rebecca,Suarez,rebeccasuarez25205@slingacademy.com,female,Product,Web Developer,7,8500
1237,Thomas,Ellis,thomasellis26289@slingacademy.com,male,Human Resource,HR Manager,2,8000
1238,Samantha,Porter,samanthaporter27174@slingacademy.com,female,Product,Mobile Developer,10,10000
1239,Danielle,Reyes,daniellereyes28875@slingacademy.com,female,Product,Web Developer,15,13500
1240,Brian,Kirby,briankirby29151@slingacademy.com,male,Product,Project Manager,14,16000
1241,Tammy,Walker,tammywalker30764@slingacademy.com,female,Product,Mobile Developer,14,14000
1242,Billy,Stewart,billystewart31889@slingacademy.com,male,Product,Tester,4,8000
1243,Terry,Parker,terryparker32794@slingacademy.com,male,Product,Mobile Developer,13,13500
1244,Robert,Hogan,roberthogan33285@slingacademy.com,male,Human Resource,HR Manager,5,9500
1245,Dawn,Pham,dawnpham34617@slingacademy.com,female,Product,Web Developer,14,14000
1246,Karen,Duke,karenduke35417@slingacademy.com,female,Product,DevOps Engineer,6,10000
1247,Julian,Thompson,julianthompson36557@slingacademy.com,male,Product,Project Manager,9,13500
1248,David,Perry,davidperry37212@slingacademy.com,male,Product,Machine Learning Engineer,11,13500
1249,Samuel,Smith,samuelsmith38630@slingacademy.com,male,Product,Machine Learning Engineer,3,9500
1250,Eric,Randolph,ericrandolph39871@slingacademy.com,male,Product,DevOps Engineer,1,8500
1251,Vanessa,Keller,vanessakeller40877@slingacademy.com,female,Human Resource,HR Manager,6,9000
1252,Gail,Salas,gailsalas41287@slingacademy.com,female,Product,Mobile Developer,4,7000
1253,Alexander,Archer,alexanderarcher42883@slingacademy.com,male,Product,Machine Learning Engineer,2,9000
1254,Claire,Wagner,clairewagner43632@slingacademy.com,female,Product,Designer,12,14000
1255,Cynthia,Howard,cynthiahoward44250@slingacademy.com,female,Product,Project Manager,6,11000
1256,Brett,Friedman,brettfriedman45278@slingacademy.com,male,Human Resource,HR Manager,15,13500
1257,Shaun,Harris,shaunharris46949@slingacademy.com,male,Product,Web Developer,6,8000
1258,Jason,Morris,jasonmorris47690@slingacademy.com,male,Product,Designer,13,13500
1259,Jesse,Mcdaniel,jessemcdaniel48658@slingacademy.com,male,Product,Tester,12,13000
1260,Jeffrey,Torres,jeffreytorres49247@slingacademy.com,male,Human Resource,HR Manager,5,7500
1261,Bradley,Garcia,bradleygarcia50717@slingacademy.com,male,Product,Machine Learning Engineer,8,12000
1262,Brooke,Walker,brookewalker51550@slingacademy.com,female,Product,Mobile Developer,6,9000
1263,Jennifer,Boyd,jenniferboyd52833@slingacademy.com,female,Product,Mobile Developer,15,13500
1264,Daniel,Cooper,danielcooper53864@slingacademy.com,male,Product,Tester,10,11000
1265,Kevin,Robinson,kevinrobinson54477@slingacademy.com,male,Product,Designer,9,12500
1266,Tiffany,Novak,tiffanynovak55904@slingacademy.com,female,Product,Machine Learning Engineer,13,11500
1267,Sophia,Coleman,sophiacoleman56149@slingacademy.com,female,Product,Web Developer,12,11000
1268,Jodi,Harris,jodiharris57674@slingacademy.com,female,Product,DevOps Engineer,5,11500
1269,Melissa,Calhoun,melissacalhoun58456@slingacademy.com,female,Product,DevOps Engineer,1,9500
1270,Aaron,Tran,aarontran59100@slingacademy.com,male,Product,Web Developer,6,9000
1271,John,Aguirre,johnaguirre60609@slingacademy.com,male,Product,Mobile Developer,5,8500
1272,David,Morrison,davidmorrison61323@slingacademy.com,male,Human Resource,HR Manager,5,7500
1273,Amanda,Thomas,amandathomas62534@slingacademy.com,female,Product,DevOps Engineer,14,14000
1274,Samuel,Spencer,samuelspencer63121@slingacademy.com,male,Product,Web Developer,5,8500
1275,Jessica,Ho,jessicaho64167@slingacademy.com,female,Product,Mobile Developer,6,9000
1276,Justin,Rhodes,justinrhodes65742@slingacademy.com,male,Human Resource,HR Manager,14,14000
1277,Kim,Hobbs,kimhobbs66159@slingacademy.com,female,Product,Mobile Developer,10,11000
1278,Allison,Matthews,allisonmatthews67968@slingacademy.com,female,Product,Tester,7,10500
1279,James,Phillips,jamesphillips68644@slingacademy.com,male,Human Resource,HR Manager,15,12500
1280,Philip,Thomas,philipthomas69550@slingacademy.com,male,Product,Machine Learning Engineer,13,14500
1281,David,Walker,davidwalker70948@slingacademy.com,male,Product,Tester,14,13000
1282,Donald,Lopez,donaldlopez71596@slingacademy.com,male,Product,Tester,5,9500
1283,Hannah,House,hannahhouse72251@slingacademy.com,female,Product,Mobile Developer,1,7500
1284,Stephen,Diaz,stephendiaz73743@slingacademy.com,male,Product,Web Developer,14,13000
1285,Barbara,Burns,barbaraburns74775@slingacademy.com,female,Product,Designer,5,10500
1286,Jessica,Cortez,jessicacortez75618@slingacademy.com,female,Product,Machine Learning Engineer,8,11000
1287,Daniel,Hernandez,danielhernandez76877@slingacademy.com,male,Product,Mobile Developer,4,9000
1288,Eugene,Diaz,eugenediaz77404@slingacademy.com,male,Product,DevOps Engineer,12,13000
1289,Earl,Nelson,earlnelson78381@slingacademy.com,male,Product,Web Developer,4,7000
1290,Elizabeth,Jackson,elizabethjackson79993@slingacademy.com,female,Product,Machine Learning Engineer,4,10000
1291,John,Martinez,johnmartinez80422@slingacademy.com,male,Product,Web Developer,9,9500
1292,Tricia,Shaw,triciashaw81242@slingacademy.com,female,Product,Web Developer,10,10000
1293,Michael,Davila,michaeldavila82245@slingacademy.com,male,Product,Web Developer,1,5500
1294,Heidi,Hill,heidihill83731@slingacademy.com,female,Product,DevOps Engineer,9,12500
1295,Yvonne,Bass,yvonnebass84561@slingacademy.com,female,Product,Mobile Developer,12,12000
1296,James,Jones,jamesjones85233@slingacademy.com,male,Product,Tester,15,13500
1297,Brady,Washington,bradywashington86983@slingacademy.com,male,Product,DevOps Engineer,7,10500
1298,Michael,Rivera,michaelrivera87445@slingacademy.com,male,Product,Web Developer,15,13500
1299,Angela,Morales,angelamorales88984@slingacademy.com,female,Product,Machine Learning Engineer,15,15500
1300,Larry,Moore,larrymoore89350@slingacademy.com,male,Product,Machine Learning Engineer,4,10000
1301,William,Oliver,williamoliver90297@slingacademy.com,male,Product,Machine Learning Engineer,4,10000
1302,Clayton,Smith,claytonsmith91135@slingacademy.com,male,Product,Mobile Developer,6,10000
1303,Thomas,Randall,thomasrandall92365@slingacademy.com,male,Product,Mobile Developer,14,14000
1304,Amy,Vaughn,amyvaughn93806@slingacademy.com,female,Product,Designer,8,11000
1305,Larry,Chapman,larrychapman94987@slingacademy.com,male,Product,Machine Learning Engineer,2,8000
1306,Eugene,Mcintyre,eugenemcintyre95732@slingacademy.com,male,Product,Designer,9,9500
1307,Patricia,Suarez,patriciasuarez96157@slingacademy.com,female,Product,Machine Learning Engineer,12,12000
1308,Michael,Vasquez,michaelvasquez97570@slingacademy.com,male,Product,Web Developer,3,6500
1309,Stephanie,Hodges,stephaniehodges98474@slingacademy.com,female,Product,Web Developer,14,13000
1310,Ashley,Watkins,ashleywatkins99733@slingacademy.com,female,Product,Machine Learning Engineer,1,8500
1311,Yolanda,Ellis,yolandaellis100435@slingacademy.com,female,Product,Tester,14,14000
1312,Margaret,Maxwell,margaretmaxwell101973@slingacademy.com,female,Product,DevOps Engineer,6,10000
1313,Jill,Farmer,jillfarmer102650@slingacademy.com,female,Product,Designer,3,8500
1314,Robert,Park,robertpark103408@slingacademy.com,male,Product,Mobile Developer,8,10000
1315,Jeffrey,Park,jeffreypark104773@slingacademy.com,male,Product,Machine Learning Engineer,8,10000
1316,Lacey,Bender,laceybender105454@slingacademy.com,female,Product,Mobile Developer,11,12500
1317,Amanda,Silva,amandasilva106678@slingacademy.com,female,Product,Mobile Developer,7,8500
1318,John,Escobar,johnescobar107702@slingacademy.com,male,Product,DevOps Engineer,9,12500
1319,Scott,Woods,scottwoods108925@slingacademy.com,male,Product,Machine Learning Engineer,13,11500
1320,Beth,Solis,bethsolis109189@slingacademy.com,female,Product,Designer,15,14500
1321,Natasha,Johnson,natashajohnson110884@slingacademy.com,female,Product,DevOps Engineer,1,9500
1322,Nathan,Oconnor,nathanoconnor111555@slingacademy.com,male,Product,Tester,1,5500
1323,Felicia,Fox,feliciafox112543@slingacademy.com,female,Product,DevOps Engineer,2,8000
1324,Paul,Davis,pauldavis113585@slingacademy.com,male,Product,Mobile Developer,14,14000
1325,Hannah,Kirk,hannahkirk114686@slingacademy.com,female,Product,Tester,12,12000
1326,Ashley,Carrillo,ashleycarrillo115254@slingacademy.com,female,Product,Mobile Developer,10,10000
1327,Anna,White,annawhite116266@slingacademy.com,female,Product,Web Developer,14,14000
1328,Kimberly,Miles,kimberlymiles117171@slingacademy.com,female,Product,Mobile Developer,11,11500
1329,Gabriel,Shannon,gabrielshannon118302@slingacademy.com,male,Product,Tester,15,14500
1330,Charles,Chan,charleschan119853@slingacademy.com,male,Product,Tester,5,9500
1331,Steven,Hill,stevenhill120389@slingacademy.com,male,Product,Designer,6,11000
1332,Brian,Kelly,briankelly121627@slingacademy.com,male,Product,Designer,5,9500
1333,Thomas,Lopez,thomaslopez122447@slingacademy.com,male,Product,DevOps Engineer,3,8500
1334,Lisa,Edwards,lisaedwards123575@slingacademy.com,female,Product,DevOps Engineer,15,14500
1335,Sarah,Young,sarahyoung124710@slingacademy.com,female,Product,Designer,1,5500
1336,Rebecca,Crawford,rebeccacrawford125255@slingacademy.com,female,Product,Tester,9,10500
1337,Kevin,Sullivan,kevinsullivan126732@slingacademy.com,male,Product,Designer,12,15000
1338,Amanda,Carey,amandacarey127761@slingacademy.com,female,Product,Tester,12,11000
1339,Rachel,Sawyer,rachelsawyer128897@slingacademy.com,female,Product,DevOps Engineer,13,14500
1340,Garrett,Nguyen,garrettnguyen129742@slingacademy.com,male,Product,Mobile Developer,4,8000
1341,Chelsea,Zuniga,chelseazuniga130347@slingacademy.com,female,Product,Mobile Developer,14,14000
1342,James,Johnson,jamesjohnson131587@slingacademy.com,male,Product,DevOps Engineer,9,13500
1343,James,Ruiz,jamesruiz132283@slingacademy.com,male,Product,Mobile Developer,3,8500
1344,Brandi,Evans,brandievans133981@slingacademy.com,female,Product,Mobile Developer,8,11000
1345,Jennifer,Obrien,jenniferobrien134396@slingacademy.com,female,Product,Web Developer,13,13500
1346,Whitney,Espinoza,whitneyespinoza135463@slingacademy.com,female,Product,Mobile Developer,5,7500
1347,Brandon,Rosario,brandonrosario136262@slingacademy.com,male,Product,Tester,14,13000
1348,Jason,Rhodes,jasonrhodes137652@slingacademy.com,male,Product,DevOps Engineer,7,11500
1349,Jesse,Michael,jessemichael138774@slingacademy.com,male,Product,Web Developer,9,10500
1350,James,Knight,jamesknight139805@slingacademy.com,male,Product,DevOps Engineer,7,12500
1351,Michelle,Ramirez,michelleramirez140860@slingacademy.com,female,Product,Machine Learning Engineer,10,12000
1352,Peter,Mercado,petermercado141743@slingacademy.com,male,Product,DevOps Engineer,4,9000
1353,Jason,George,jasongeorge142280@slingacademy.com,male,Product,Mobile Developer,3,6500
1354,Katherine,Arroyo,katherinearroyo143289@slingacademy.com,female,Product,Machine Learning Engineer,8,12000
1355,Ashley,Mccann,ashleymccann144205@slingacademy.com,female,Product,Mobile Developer,12,13000
1356,Katherine,Robinson,katherinerobinson145289@slingacademy.com,female,Product,Machine Learning Engineer,5,9500
1357,Michael,Clark,michaelclark146499@slingacademy.com,male,Product,DevOps Engineer,5,10500
1358,Julia,Howe,juliahowe147906@slingacademy.com,female,Product,Mobile Developer,8,11000
1359,Karen,Roy,karenroy148650@slingacademy.com,female,Product,Mobile Developer,1,7500
1360,Nicole,Nguyen,nicolenguyen149314@slingacademy.com,female,Product,Tester,7,8500
1361,Chelsea,Lewis,chelsealewis150296@slingacademy.com,female,Product,Web Developer,12,13000
1362,Austin,Bell,austinbell151200@slingacademy.com,male,Product,Web Developer,13,11500
1363,Paul,Allen,paulallen152129@slingacademy.com,male,Product,Mobile Developer,14,12000
1364,Felicia,Oliver,feliciaoliver153838@slingacademy.com,female,Product,Tester,7,10500
1365,Diana,Bowers,dianabowers154941@slingacademy.com,female,Product,DevOps Engineer,10,14000
1366,Cody,Peters,codypeters155175@slingacademy.com,male,Product,Tester,7,8500
1367,Bethany,Gonzalez,bethanygonzalez156478@slingacademy.com,female,Product,DevOps Engineer,9,13500
1368,Shane,Benson,shanebenson157228@slingacademy.com,male,Product,Web Developer,8,10000
1369,Jacqueline,Brooks,jacquelinebrooks158705@slingacademy.com,female,Product,DevOps Engineer,5,9500
1370,Vanessa,Turner,vanessaturner159112@slingacademy.com,female,Product,Web Developer,2,8000
1371,Lisa,Logan,lisalogan160514@slingacademy.com,female,Product,Mobile Developer,3,7500
1372,Jessica,Jones,jessicajones161720@slingacademy.com,female,Product,Mobile Developer,3,8500
1373,Sarah,Li,sarahli162806@slingacademy.com,female,Product,Mobile Developer,4,7000
1374,Brenda,Roberson,brendaroberson163933@slingacademy.com,female,Product,Web Developer,7,9500
1375,Brett,Hernandez,bretthernandez164285@slingacademy.com,male,Product,DevOps Engineer,8,12000
1376,Wanda,Forbes,wandaforbes165726@slingacademy.com,female,Product,DevOps Engineer,8,13000
1377,Elizabeth,Cortez,elizabethcortez166121@slingacademy.com,female,Product,Web Developer,11,12500
1378,Sean,Smith,seansmith167370@slingacademy.com,male,Product,Web Developer,13,12500
1379,Shawn,Oliver,shawnoliver168229@slingacademy.com,male,Product,Web Developer,1,5500
1380,Eric,Moses,ericmoses169919@slingacademy.com,male,Product,DevOps Engineer,3,9500
1381,Jeanette,Ruiz,jeanetteruiz170586@slingacademy.com,female,Product,Web Developer,4,7000
1382,John,Barber,johnbarber171149@slingacademy.com,male,Product,Mobile Developer,9,11500
1383,Caleb,Mcpherson,calebmcpherson172782@slingacademy.com,male,Product,Web Developer,7,9500
1384,Nicole,Aguilar,nicoleaguilar173533@slingacademy.com,female,Product,Web Developer,9,11500
1385,Michael,Lee,michaellee174890@slingacademy.com,male,Product,Web Developer,2,7000
1386,Brett,Cochran,brettcochran175230@slingacademy.com,male,Product,Mobile Developer,14,13000
1387,Manuel,Carpenter,manuelcarpenter176804@slingacademy.com,male,Product,Web Developer,1,5500
1388,John,Wilson,johnwilson177384@slingacademy.com,male,Product,DevOps Engineer,4,9000
1389,Martin,Crawford,martincrawford178676@slingacademy.com,male,Product,Web Developer,7,9500
1390,Daniel,Peterson,danielpeterson179429@slingacademy.com,male,Product,Mobile Developer,10,10000
1391,Emily,Lambert,emilylambert180288@slingacademy.com,female,Product,Web Developer,10,12000
1392,Marcia,Huerta,marciahuerta181481@slingacademy.com,female,Product,Mobile Developer,11,11500
1393,Jason,Ortiz,jasonortiz182684@slingacademy.com,male,Product,Web Developer,1,7500
1394,Lacey,Thomas,laceythomas183301@slingacademy.com,female,Product,Web Developer,4,7000
1395,Sarah,Freeman,sarahfreeman184184@slingacademy.com,female,Product,Mobile Developer,3,8500
1396,Michael,Galvan,michaelgalvan185193@slingacademy.com,male,Product,Web Developer,11,10500
1397,Melissa,Warner,melissawarner186807@slingacademy.com,female,Product,Mobile Developer,7,10500
1398,Larry,Thompson,larrythompson187441@slingacademy.com,male,Product,Mobile Developer,13,13500
1399,Janice,Miller,janicemiller188354@slingacademy.com,female,Product,DevOps Engineer,4,11000
1400,Jasmine,Steele,jasminesteele189528@slingacademy.com,female,Product,DevOps Engineer,8,11000
1401,Joseph,Beck,josephbeck190391@slingacademy.com,male,Product,Mobile Developer,5,7500
1402,Tracy,Cohen,tracycohen191613@slingacademy.com,female,Product,DevOps Engineer,15,16500
1403,Bryan,Reilly,bryanreilly192644@slingacademy.com,male,Product,Mobile Developer,3,8500
1404,Zachary,Smith,zacharysmith193685@slingacademy.com,male,Product,DevOps Engineer,1,9500
1405,Jon,Leblanc,jonleblanc194743@slingacademy.com,male,Product,Web Developer,8,9000
1406,Christina,Garza,christinagarza195368@slingacademy.com,female,Product,Web Developer,12,11000
1407,Jason,Jarvis,jasonjarvis196518@slingacademy.com,male,Product,Web Developer,10,10000
1408,Jesse,Smith,jessesmith197985@slingacademy.com,male,Product,DevOps Engineer,2,9000
1409,Melissa,Richardson,melissarichardson198853@slingacademy.com,female,Product,Mobile Developer,7,8500
1410,Michele,Stewart,michelestewart199290@slingacademy.com,female,Product,Mobile Developer,13,12500
1411,Jill,Gilbert,jillgilbert200959@slingacademy.com,female,Product,DevOps Engineer,14,14000
1412,Kevin,Valentine,kevinvalentine201334@slingacademy.com,male,Product,Web Developer,9,9500
1413,Thomas,Hurst,thomashurst202903@slingacademy.com,male,Product,Mobile Developer,3,7500
1414,Janet,Stephens,janetstephens203291@slingacademy.com,female,Product,Web Developer,10,11000
1415,Megan,Hoover,meganhoover204258@slingacademy.com,female,Product,Web Developer,8,10000
1416,Susan,Jones,susanjones205164@slingacademy.com,female,Product,Web Developer,11,10500
1417,Breanna,Love,breannalove206450@slingacademy.com,female,Product,Web Developer,11,12500
1418,Elijah,Mcguire,elijahmcguire207554@slingacademy.com,male,Product,Mobile Developer,2,7000
1419,Philip,Bell,philipbell208998@slingacademy.com,male,Product,Web Developer,6,8000
1420,Kevin,Logan,kevinlogan209795@slingacademy.com,male,Product,Web Developer,11,11500
1421,Erin,Watson,erinwatson210121@slingacademy.com,female,Product,Mobile Developer,15,12500
1422,Austin,Miller,austinmiller211536@slingacademy.com,male,Product,Web Developer,2,8000
1423,Sonya,Anderson,sonyaanderson212407@slingacademy.com,female,Product,Mobile Developer,9,9500
1424,Francisco,Montgomery,franciscomontgomery213734@slingacademy.com,male,Product,Mobile Developer,1,5500
1425,Michelle,Olson,michelleolson214829@slingacademy.com,female,Product,Web Developer,7,8500
1426,Brenda,Leonard,brendaleonard215769@slingacademy.com,female,Product,Web Developer,5,9500
1427,Ross,Scott,rossscott216231@slingacademy.com,male,Product,Mobile Developer,4,7000
1428,Terry,Jackson,terryjackson217103@slingacademy.com,male,Product,Web Developer,7,10500
1429,John,Palmer,johnpalmer218467@slingacademy.com,male,Product,Web Developer,4,7000
1430,Brenda,Tapia,brendatapia219700@slingacademy.com,female,Product,Web Developer,3,6500
1431,Donald,Gordon,donaldgordon220435@slingacademy.com,male,Product,Mobile Developer,12,13000
1432,Danielle,Long,daniellelong221167@slingacademy.com,female,Product,Mobile Developer,12,11000
1433,Michael,Pratt,michaelpratt222722@slingacademy.com,male,Product,Mobile Developer,14,12000
1434,Jeffrey,West,jeffreywest223814@slingacademy.com,male,Product,Mobile Developer,2,7000
1435,Danielle,Jennings,daniellejennings224357@slingacademy.com,female,Product,Mobile Developer,12,11000
1436,Alex,Perry,alexperry225459@slingacademy.com,male,Product,Web Developer,1,5500
1437,John,Marsh,johnmarsh226221@slingacademy.com,male,Product,Web Developer,12,13000
1438,Richard,Holder,richardholder227402@slingacademy.com,male,Product,Mobile Developer,1,7500
1439,Ryan,Ponce,ryanponce228238@slingacademy.com,male,Product,Mobile Developer,13,12500
1440,Dorothy,Riley,dorothyriley229310@slingacademy.com,female,Product,Mobile Developer,1,7500
1441,Yvette,Scott,yvettescott230489@slingacademy.com,female,Product,Mobile Developer,11,11500
1442,Kenneth,Nelson,kennethnelson231147@slingacademy.com,male,Product,Web Developer,15,14500
1443,Edgar,Lane,edgarlane232749@slingacademy.com,male,Product,Web Developer,7,10500
1444,Jeremy,Cox,jeremycox233376@slingacademy.com,male,Product,Web Developer,13,13500
1445,Robert,Hernandez,roberthernandez234672@slingacademy.com,male,Product,Mobile Developer,7,10500
1446,Brian,Gilbert,briangilbert235994@slingacademy.com,male,Product,Web Developer,9,10500
1447,Sherri,Shaw,sherrishaw236714@slingacademy.com,female,Product,Mobile Developer,6,10000
1448,Sarah,Davis,sarahdavis237584@slingacademy.com,female,Product,Web Developer,1,5500
1449,Kristin,Bradley,kristinbradley238778@slingacademy.com,female,Product,Web Developer,2,6000
1450,Brooke,Drake,brookedrake239487@slingacademy.com,female,Product,Mobile Developer,9,11500
1451,Kristina,Clark,kristinaclark240837@slingacademy.com,female,Product,Mobile Developer,14,13000
1452,Scott,Owens,scottowens241396@slingacademy.com,male,Product,Mobile Developer,9,9500
1453,Robert,Nelson,robertnelson242936@slingacademy.com,male,Product,Web Developer,13,12500
1454,Erin,Green,eringreen243342@slingacademy.com,female,Product,Mobile Developer,6,8000
1455,Paul,Page,paulpage244406@slingacademy.com,male,Product,Mobile Developer,15,12500
1456,Jamie,Ball,jamieball245269@slingacademy.com,female,Product,Mobile Developer,8,9000
1457,Sonya,Williams,sonyawilliams246273@slingacademy.com,female,Product,Mobile Developer,8,9000
1458,Leslie,Burton,leslieburton247848@slingacademy.com,female,Product,Mobile Developer,4,8000
1459,Daniel,Joseph,danieljoseph248248@slingacademy.com,male,Product,Web Developer,1,6500
1460,John,Grimes,johngrimes249952@slingacademy.com,male,Product,Mobile Developer,4,7000
1461,Melissa,Davis,melissadavis250431@slingacademy.com,female,Product,Web Developer,9,10500
1462,Sierra,Hoover,sierrahoover251989@slingacademy.com,female,Product,Mobile Developer,6,9000
1463,Damon,Sanders,damonsanders252842@slingacademy.com,male,Product,Mobile Developer,3,8500
1464,Adam,Pratt,adampratt253430@slingacademy.com,male,Product,Web Developer,15,14500
1465,Jesse,Gonzalez,jessegonzalez254466@slingacademy.com,male,Product,Mobile Developer,5,9500
1466,Debra,Cruz,debracruz255561@slingacademy.com,female,Product,Mobile Developer,3,6500
1467,Gregory,Smith,gregorysmith256659@slingacademy.com,male,Product,Mobile Developer,11,11500
1468,Patrick,Cook,patrickcook257408@slingacademy.com,male,Product,Mobile Developer,12,11000
1469,Robert,Weber,robertweber258431@slingacademy.com,male,Product,Mobile Developer,10,10000
1470,Christopher,Thompson,christopherthompson259741@slingacademy.com,male,Product,Web Developer,3,6500
1471,Maureen,Campbell,maureencampbell260141@slingacademy.com,female,Product,Web Developer,1,7500
1472,Alex,Brown,alexbrown261126@slingacademy.com,male,Product,Mobile Developer,10,10000
1473,Breanna,Allen,breannaallen262640@slingacademy.com,female,Product,Web Developer,8,9000
1474,Michael,Pearson,michaelpearson263103@slingacademy.com,male,Product,Mobile Developer,9,10500
1475,Cheryl,Lewis,cheryllewis264673@slingacademy.com,female,Product,Web Developer,8,11000
1476,Michael,Brown,michaelbrown265799@slingacademy.com,male,Product,Mobile Developer,13,12500
1477,Linda,Haynes,lindahaynes266810@slingacademy.com,female,Product,Mobile Developer,10,12000
1478,Jonathan,Palmer,jonathanpalmer267693@slingacademy.com,male,Product,Mobile Developer,13,13500
1479,Tammy,Ball,tammyball268344@slingacademy.com,female,Product,Web Developer,7,8500
1480,Sarah,Reed,sarahreed269446@slingacademy.com,female,Product,Web Developer,2,7000
1481,Emily,Page,emilypage270576@slingacademy.com,female,Product,Mobile Developer,4,9000
1482,Tristan,Price,tristanprice271704@slingacademy.com,male,Product,Mobile Developer,3,7500
1483,Patrick,Skinner,patrickskinner272521@slingacademy.com,male,Product,Web Developer,15,13500
1484,Nicole,Castro,nicolecastro273650@slingacademy.com,female,Product,Web Developer,9,10500
1485,Patrick,Hughes,patrickhughes274295@slingacademy.com,male,Product,Web Developer,11,11500
1486,Phillip,Herrera,phillipherrera275191@slingacademy.com,male,Product,Web Developer,5,9500
1487,Gary,Houston,garyhouston276956@slingacademy.com,male,Product,Mobile Developer,10,10000
1488,Olivia,Johnson,oliviajohnson277656@slingacademy.com,female,Product,Web Developer,4,8000
1489,April,Houston,aprilhouston278529@slingacademy.com,female,Product,Web Developer,13,13500
1490,Adriana,Martinez,adrianamartinez279348@slingacademy.com,female,Product,Web Developer,11,12500
1491,Victoria,Peters,victoriapeters280664@slingacademy.com,female,Product,Web Developer,12,13000
1492,Michael,Henderson,michaelhenderson281830@slingacademy.com,male,Product,Web Developer,10,10000
1493,Charles,West,charleswest282833@slingacademy.com,male,Product,Web Developer,15,14500
1494,Rebecca,Jackson,rebeccajackson283153@slingacademy.com,female,Product,Web Developer,2,8000
1495,Alec,Maldonado,alecmaldonado284511@slingacademy.com,male,Product,Web Developer,12,11000
1496,Michael,Edwards,michaeledwards285682@slingacademy.com,male,Product,Web Developer,12,12000
1497,John,Hall,johnhall286116@slingacademy.com,male,Product,Web Developer,13,11500
1498,Kristin,Perry,kristinperry287743@slingacademy.com,female,Product,Web Developer,13,11500
1499,Kevin,Norton,kevinnorton288890@slingacademy.com,male,Product,Web Developer,6,10000
1500,Nancy,Soto,nancysoto289573@slingacademy.com,female,Product,Web Developer,10,11000
1501,Michael,Howard,michaelhoward290834@slingacademy.com,male,Product,Web Developer,11,10500
1502,Johnny,Green,johnnygreen291978@slingacademy.com,male,Product,Web Developer,1,6500
1503,Lauren,Thompson,laurenthompson292130@slingacademy.com,female,Product,Web Developer,7,9500
1504,Andrea,Wilson,andreawilson293374@slingacademy.com,female,Product,Web Developer,7,10500
1505,Stephanie,Vaughn,stephanievaughn294228@slingacademy.com,female,Product,Web Developer,12,11000
1506,Michael,Tyler,michaeltyler295140@slingacademy.com,male,Product,Web Developer,14,12000
1507,Richard,Lin,richardlin296948@slingacademy.com,male,Product,Web Developer,13,13500
1508,Jennifer,Williams,jenniferwilliams297731@slingacademy.com,female,Product,Web Developer,15,14500
1509,Shane,Hubbard,shanehubbard298449@slingacademy.com,male,Product,Web Developer,2,7000
1510,Shawna,Choi,shawnachoi299997@slingacademy.com,female,Product,Web Developer,1,7500
1511,Marie,Gross,mariegross300180@slingacademy.com,female,Product,Web Developer,4,9000
1512,Wesley,Leon,wesleyleon301409@slingacademy.com,male,Product,Web Developer,7,8500
1513,Stephanie,Peterson,stephaniepeterson302370@slingacademy.com,female,Product,Web Developer,4,7000
1514,Kristin,Webster,kristinwebster303777@slingacademy.com,female,Product,Web Developer,4,7000
1515,Courtney,Stanley,courtneystanley304370@slingacademy.com,female,Product,Web Developer,11,12500
1516,Tracy,Crawford,tracycrawford305774@slingacademy.com,female,Product,Web Developer,4,9000
1517,Danielle,Sparks,daniellesparks306193@slingacademy.com,female,Product,Web Developer,6,9000
1518,Cheryl,Rose,cherylrose307548@slingacademy.com,female,Product,Web Developer,3,7500
1519,Kristina,Mann,kristinamann308826@slingacademy.com,female,Product,Web Developer,3,8500
1520,Vanessa,Carter,vanessacarter309551@slingacademy.com,female,Product,Web Developer,4,9000
1521,Anthony,Colon,anthonycolon310182@slingacademy.com,male,Product,Web Developer,6,10000
1522,Aaron,Holland,aaronholland311364@slingacademy.com,male,Product,Web Developer,1,6500
1523,Angela,Anderson,angelaanderson312306@slingacademy.com,female,Product,Web Developer,3,8500
1524,Kelsey,Moss,kelseymoss313608@slingacademy.com,female,Product,Web Developer,9,11500
1525,Maureen,Phillips,maureenphillips314700@slingacademy.com,female,Product,Web Developer,15,13500
1526,Michael,Hooper,michaelhooper315714@slingacademy.com,male,Product,Web Developer,8,9000
1527,Stephanie,Lewis,stephanielewis316903@slingacademy.com,female,Product,Web Developer,15,13500
1528,Kevin,Rodriguez,kevinrodriguez317301@slingacademy.com,male,Product,Web Developer,3,6500
1529,Adam,Bell,adambell318709@slingacademy.com,male,Product,Web Developer,11,10500
1530,Courtney,Mcdaniel,courtneymcdaniel319582@slingacademy.com,female,Product,Web Developer,12,12000
